1,Cameron Young,1,0,0,0,0,1
2,David Cameron,2,0,0,0,0,1
3,Blake King,3,0,0,0,0,1
4,Keith Peters,4,0,0,0,0,1
5,Adrian Piper,5,0,0,0,0,1
6,Joe Berry,6,0,0,0,0,1
7,Steven Ferguson,7,0,0,0,0,1
8,Phil Edmunds,8,0,0,0,0,1
9,Gordon Gibson,9,0,0,0,0,1
10,Jason Lambert,10,0,0,0,0,1
11,Connor Graham,11,0,0,0,0,1
12,Liam Hemmings,12,0,0,0,0,1
13,Jake Rees,13,0,0,0,0,1
14,Dan Campbell,14,0,0,0,0,1
15,Charles Baker,15,0,0,0,0,1
16,Paul Hamilton,16,0,0,0,0,1
17,Dylan Oliver,17,0,0,0,0,1
18,Dominic King,1,0,0,0,0,2
19,Stephen North,2,0,0,0,0,2
20,Justin Davies,3,0,0,0,0,2
21,Edward Hemmings,4,0,0,0,0,2
22,Trevor Quinn,5,0,0,0,0,2
23,Blake Hardacre,6,0,0,0,0,2
24,Matt Glover,7,0,0,0,0,2
25,Max Miller,8,0,0,0,0,2
26,Carl Turner,9,0,0,0,0,2
27,Lucas Young,10,0,0,0,0,2
28,David Ogden,11,0,0,0,0,2
29,Stewart Arnold,12,0,0,0,0,2
30,Paul Skinner,13,0,0,0,0,2
31,Sam Payne,14,0,0,0,0,2
32,Steven North,15,0,0,0,0,2
33,Jake Powell,16,0,0,0,0,2
34,Tim Walsh,17,0,0,0,0,2
35,Christian Blake,1,0,0,0,0,3
36,Peter Howard,2,0,0,0,0,3
37,Stewart Morrison,3,0,0,0,0,3
38,William North,4,0,0,0,0,3
39,Phil Abraham,5,0,0,0,0,3
40,Colin Cornish,6,0,0,0,0,3
41,Sean Allan,7,0,0,0,0,3
42,Keith Taylor,8,0,0,0,0,3
43,Michael Tucker,9,0,0,0,0,3
44,Harry Edmunds,10,0,0,0,0,3
45,Boris Carr,11,0,0,0,0,3
46,Eric Morgan,12,0,0,0,0,3
47,Leonard Hudson,13,0,0,0,0,3
48,Julian Tucker,14,0,0,0,0,3
49,Harry Morrison,15,0,0,0,0,3
50,Eric Grant,16,0,0,0,0,3
51,Eric Parsons,17,0,0,0,0,3
52,Neil Hudson,1,0,0,0,0,4
53,Matt Vance,2,0,0,0,0,4
54,Leonard Kerr,3,0,0,0,0,4
55,Christian Coleman,4,0,0,0,0,4
56,Alexander Blake,5,0,0,0,0,4
57,Paul Watson,6,0,0,0,0,4
58,Michael Arnold,7,0,0,0,0,4
59,Michael Turner,8,0,0,0,0,4
60,Jonathan Duncan,9,0,0,0,0,4
61,Sam MacDonald,10,0,0,0,0,4
62,Warren Bower,11,0,0,0,0,4
63,Paul Alsop,12,0,0,0,0,4
64,Charles Ellison,13,0,0,0,0,4
65,Steven Poole,14,0,0,0,0,4
66,Jack Churchill,15,0,0,0,0,4
67,Joseph Hardacre,16,0,0,0,0,4
68,Stephen Hughes,17,0,0,0,0,4
69,Dylan Parsons,1,0,0,0,0,5
70,Ryan Robertson,2,0,0,0,0,5
71,Matt Rees,3,0,0,0,0,5
72,Matt Carr,4,0,0,0,0,5
73,Blake Short,5,0,0,0,0,5
74,Joshua Alsop,6,0,0,0,0,5
75,Stephen Underwood,7,0,0,0,0,5
76,Carl Roberts,8,0,0,0,0,5
77,Sam Mackenzie,9,0,0,0,0,5
78,Phil Walsh,10,0,0,0,0,5
79,Keith MacLeod,11,0,0,0,0,5
80,Harry Sanderson,12,0,0,0,0,5
81,Richard Lambert,13,0,0,0,0,5
82,Dominic Cornish,14,0,0,0,0,5
83,Austin Vaughan,15,0,0,0,0,5
84,Stephen Martin,16,0,0,0,0,5
85,Liam Grant,17,0,0,0,0,5
86,Neil Hamilton,1,0,0,0,0,6
87,Isaac Ogden,2,0,0,0,0,6
88,Justin Mackenzie,3,0,0,0,0,6
89,Nicholas Avery,4,0,0,0,0,6
90,Cameron Lyman,5,0,0,0,0,6
91,Lucas Slater,6,0,0,0,0,6
92,Stephen Bell,7,0,0,0,0,6
93,Stewart Miller,8,0,0,0,0,6
94,Owen Simpson,9,0,0,0,0,6
95,Frank Ross,10,0,0,0,0,6
96,Luke Roberts,11,0,0,0,0,6
97,Ryan Edmunds,12,0,0,0,0,6
98,Tim Anderson,13,0,0,0,0,6
99,Dylan Jackson,14,0,0,0,0,6
100,Colin Young,15,0,0,0,0,6
101,Ian Coleman,16,0,0,0,0,6
102,Dan Piper,17,0,0,0,0,6
103,Peter Reid,1,0,0,0,0,7
104,Edward Hill,2,0,0,0,0,7
105,Gordon Wilson,3,0,0,0,0,7
106,Liam Buckland,4,0,0,0,0,7
107,Brandon Mills,5,0,0,0,0,7
108,Christopher Ellison,6,0,0,0,0,7
109,Sean Burgess,7,0,0,0,0,7
110,Stephen James,8,0,0,0,0,7
111,Frank Powell,9,0,0,0,0,7
112,John Glover,10,0,0,0,0,7
113,Piers Knox,11,0,0,0,0,7
114,Jacob Hart,12,0,0,0,0,7
115,Jacob Ogden,13,0,0,0,0,7
116,Jack Vance,14,0,0,0,0,7
117,Jack Poole,15,0,0,0,0,7
118,Joseph Nash,16,0,0,0,0,7
119,William Allan,17,0,0,0,0,7
120,Jack Short,1,0,0,0,0,8
121,Ryan Berry,2,0,0,0,0,8
122,Stephen Marshall,3,0,0,0,0,8
123,Nicholas Berry,4,0,0,0,0,8
124,Matt Knox,5,0,0,0,0,8
125,Jacob Manning,6,0,0,0,0,8
126,David Hardacre,7,0,0,0,0,8
127,Sebastian Ferguson,8,0,0,0,0,8
128,John Mackay,9,0,0,0,0,8
129,James Mackenzie,10,0,0,0,0,8
130,Phil Robertson,11,0,0,0,0,8
131,Phil Metcalfe,12,0,0,0,0,8
132,William Langdon,13,0,0,0,0,8
133,Joe Hart,14,0,0,0,0,8
134,Joseph Peters,15,0,0,0,0,8
135,Harry Glover,16,0,0,0,0,8
136,Jack Blake,17,0,0,0,0,8
137,Stephen Peters,1,0,0,0,0,9
138,Andrew Johnston,2,0,0,0,0,9
139,Matt Coleman,3,0,0,0,0,9
140,Paul Springer,4,0,0,0,0,9
141,Jack Dowd,5,0,0,0,0,9
142,Stephen Ellison,6,0,0,0,0,9
143,Charles Ferguson,7,0,0,0,0,9
144,Brian Miller,8,0,0,0,0,9
145,Liam Short,9,0,0,0,0,9
146,William Alsop,10,0,0,0,0,9
147,Lucas Bower,11,0,0,0,0,9
148,John Ross,12,0,0,0,0,9
149,Frank Kerr,13,0,0,0,0,9
150,Dylan Murray,14,0,0,0,0,9
151,Christian Lyman,15,0,0,0,0,9
152,Sebastian Gill,16,0,0,0,0,9
153,Evan Gray,17,0,0,0,0,9
154,Blake Johnston,1,0,0,0,0,10
155,Colin Sharp,2,0,0,0,0,10
156,Alexander Newman,3,0,0,0,0,10
157,Leonard Metcalfe,4,0,0,0,0,10
158,Robert Sanderson,5,0,0,0,0,10
159,Kevin Newman,6,0,0,0,0,10
160,Adam Parsons,7,0,0,0,0,10
161,Alan Sanderson,8,0,0,0,0,10
162,Brian Payne,9,0,0,0,0,10
163,Connor Brown,10,0,0,0,0,10
164,James Avery,11,0,0,0,0,10
165,Richard Jones,12,0,0,0,0,10
166,Owen Martin,13,0,0,0,0,10
167,Dominic McLean,14,0,0,0,0,10
168,Thomas Fraser,15,0,0,0,0,10
169,Blake Cornish,16,0,0,0,0,10
170,Neil Underwood,17,0,0,0,0,10
171,Alexander Turner,1,0,0,0,0,11
172,Peter Avery,2,0,0,0,0,11
173,Alexander Parsons,3,0,0,0,0,11
174,Evan Hardacre,4,0,0,0,0,11
175,Leonard Watson,5,0,0,0,0,11
176,John Slater,6,0,0,0,0,11
177,Dan Lawrence,7,0,0,0,0,11
178,Steven Mackay,8,0,0,0,0,11
179,Ian Hudson,9,0,0,0,0,11
180,Lucas Peters,10,0,0,0,0,11
181,David Martin,11,0,0,0,0,11
182,Dominic Hemmings,12,0,0,0,0,11
183,Carl Buckland,13,0,0,0,0,11
184,Jason Young,14,0,0,0,0,11
185,Anthony Hughes,15,0,0,0,0,11
186,Harry Hill,16,0,0,0,0,11
187,Eric Slater,17,0,0,0,0,11
188,Neil Wright,1,0,0,0,0,12
189,Luke Manning,2,0,0,0,0,12
190,Oliver Duncan,3,0,0,0,0,12
191,Jake McDonald,4,0,0,0,0,12
192,Richard Howard,5,0,0,0,0,12
193,Evan Abraham,6,0,0,0,0,12
194,Steven Duncan,7,0,0,0,0,12
195,Sean Welch,8,0,0,0,0,12
196,Leonard Paterson,9,0,0,0,0,12
197,Joshua Springer,10,0,0,0,0,12
198,Benjamin Sanderson,11,0,0,0,0,12
199,Benjamin Bell,12,0,0,0,0,12
200,Oliver Tucker,13,0,0,0,0,12
201,Alan Paige,14,0,0,0,0,12
202,Joshua Bell,15,0,0,0,0,12
203,Gavin Morrison,16,0,0,0,0,12
204,Cameron Slater,17,0,0,0,0,12
205,Leonard Young,1,0,0,0,0,13
206,Alexander Duncan,2,0,0,0,0,13
207,Anthony North,3,0,0,0,0,13
208,Nicholas Reid,4,0,0,0,0,13
209,Jacob Walsh,5,0,0,0,0,13
210,Joshua Campbell,6,0,0,0,0,13
211,Gordon Walsh,7,0,0,0,0,13
212,Jonathan Roberts,8,0,0,0,0,13
213,Neil Nolan,9,0,0,0,0,13
214,Joe Short,10,0,0,0,0,13
215,Keith Metcalfe,11,0,0,0,0,13
216,John Hughes,12,0,0,0,0,13
217,Adrian Paterson,13,0,0,0,0,13
218,Jake Vaughan,14,0,0,0,0,13
219,Nicholas Hill,15,0,0,0,0,13
220,Trevor Alsop,16,0,0,0,0,13
221,Victor Rampling,17,0,0,0,0,13
222,Justin Ellison,1,0,0,0,0,14
223,Alan Hudson,2,0,0,0,0,14
224,Adrian King,3,0,0,0,0,14
225,Justin Welch,4,0,0,0,0,14
226,Alexander Coleman,5,0,0,0,0,14
227,James Lyman,6,0,0,0,0,14
228,Boris Howard,7,0,0,0,0,14
229,Piers Manning,8,0,0,0,0,14
230,Brandon Scott,9,0,0,0,0,14
231,Joshua Stewart,10,0,0,0,0,14
232,Anthony Buckland,11,0,0,0,0,14
233,Ian Stewart,12,0,0,0,0,14
234,Stewart Ellison,13,0,0,0,0,14
235,Sean Thomson,14,0,0,0,0,14
236,Piers Kelly,15,0,0,0,0,14
237,Justin Coleman,16,0,0,0,0,14
238,Sam Turner,17,0,0,0,0,14
239,Jonathan Sharp,1,0,0,0,0,15
240,Phil Peters,2,0,0,0,0,15
241,Paul Ellison,3,0,0,0,0,15
242,Matt Quinn,4,0,0,0,0,15
243,Dan Terry,5,0,0,0,0,15
244,Sam Clarkson,6,0,0,0,0,15
245,Alexander Cornish,7,0,0,0,0,15
246,Eric Vaughan,8,0,0,0,0,15
247,Matt Pullman,9,0,0,0,0,15
248,Christian Metcalfe,10,0,0,0,0,15
249,Matt Robertson,11,0,0,0,0,15
250,John Jackson,12,0,0,0,0,15
251,Luke Thomson,13,0,0,0,0,15
252,Anthony Peters,14,0,0,0,0,15
253,Evan Walsh,15,0,0,0,0,15
254,Alan Hunter,16,0,0,0,0,15
255,Tim Graham,17,0,0,0,0,15
256,Benjamin Sharp,1,0,0,0,0,16
257,Steven Edmunds,2,0,0,0,0,16
258,John Stewart,3,0,0,0,0,16
259,Luke Powell,4,0,0,0,0,16
260,Simon Ellison,5,0,0,0,0,16
261,Richard Harris,6,0,0,0,0,16
262,Matt Black,7,0,0,0,0,16
263,Liam James,8,0,0,0,0,16
264,Jason Rees,9,0,0,0,0,16
265,Joseph Metcalfe,10,0,0,0,0,16
266,Warren Anderson,11,0,0,0,0,16
267,Benjamin Jones,12,0,0,0,0,16
268,Sebastian Edmunds,13,0,0,0,0,16
269,Brandon Knox,14,0,0,0,0,16
270,Brandon Wright,15,0,0,0,0,16
271,Boris Fraser,16,0,0,0,0,16
272,Justin Wilson,17,0,0,0,0,16
273,Richard Bell,1,0,0,0,0,17
274,Jonathan Alsop,2,0,0,0,0,17
275,Benjamin Grant,3,0,0,0,0,17
276,Tim Hughes,4,0,0,0,0,17
277,Connor Paige,5,0,0,0,0,17
278,Michael James,6,0,0,0,0,17
279,Christian Graham,7,0,0,0,0,17
280,Simon Greene,8,0,0,0,0,17
281,Dominic Clark,9,0,0,0,0,17
282,William Terry,10,0,0,0,0,17
283,Christian Oliver,11,0,0,0,0,17
284,Dominic Mills,12,0,0,0,0,17
285,Nathan Smith,13,0,0,0,0,17
286,Robert Chapman,14,0,0,0,0,17
287,Charles Simpson,15,0,0,0,0,17
288,Oliver Newman,16,0,0,0,0,17
289,Colin Henderson,17,0,0,0,0,17
290,Harry Allan,1,0,0,0,0,18
291,Alexander Forsyth,2,0,0,0,0,18
292,Matt Bower,3,0,0,0,0,18
293,Stephen Bower,4,0,0,0,0,18
294,Christian Robertson,5,0,0,0,0,18
295,Joe Taylor,6,0,0,0,0,18
296,Charles King,7,0,0,0,0,18
297,Piers Dyer,8,0,0,0,0,18
298,Boris Payne,9,0,0,0,0,18
299,Blake North,10,0,0,0,0,18
300,Adrian Glover,11,0,0,0,0,18
301,Colin Carr,12,0,0,0,0,18
302,Robert Henderson,13,0,0,0,0,18
303,Adrian Avery,14,0,0,0,0,18
304,Tim Smith,15,0,0,0,0,18
305,Carl Anderson,16,0,0,0,0,18
306,Edward Forsyth,17,0,0,0,0,18
307,Dan Manning,1,0,0,0,0,19
308,Eric Manning,2,0,0,0,0,19
309,Ian Grant,3,0,0,0,0,19
310,Dylan Cameron,4,0,0,0,0,19
311,Julian Harris,5,0,0,0,0,19
312,Charles Butler,6,0,0,0,0,19
313,David Ferguson,7,0,0,0,0,19
314,Liam Smith,8,0,0,0,0,19
315,Max Kelly,9,0,0,0,0,19
316,David Alsop,10,0,0,0,0,19
317,Stephen Gill,11,0,0,0,0,19
318,Anthony Ferguson,12,0,0,0,0,19
319,Peter Nash,13,0,0,0,0,19
320,Stephen Cornish,14,0,0,0,0,19
321,Liam Lambert,15,0,0,0,0,19
322,Justin Skinner,16,0,0,0,0,19
323,John Springer,17,0,0,0,0,19
324,Blake Butler,1,0,0,0,0,20
325,Julian Ellison,2,0,0,0,0,20
326,Gavin Peters,3,0,0,0,0,20
327,Lucas Powell,4,0,0,0,0,20
328,Charles Walsh,5,0,0,0,0,20
329,Owen Walker,6,0,0,0,0,20
330,Jason Walker,7,0,0,0,0,20
331,Frank Murray,8,0,0,0,0,20
332,Ryan Harris,9,0,0,0,0,20
333,Ian Buckland,10,0,0,0,0,20
334,Jacob Springer,11,0,0,0,0,20
335,Stewart Young,12,0,0,0,0,20
336,Blake Alsop,13,0,0,0,0,20
337,Adrian Slater,14,0,0,0,0,20
338,John Alsop,15,0,0,0,0,20
339,Cameron Robertson,16,0,0,0,0,20
340,Jason Allan,17,0,0,0,0,20
341,Neil Gill,1,0,0,0,0,21
342,Nicholas Marshall,2,0,0,0,0,21
343,Liam Graham,3,0,0,0,0,21
344,Neil Dowd,4,0,0,0,0,21
345,Joseph Mathis,5,0,0,0,0,21
346,Owen Peters,6,0,0,0,0,21
347,William Butler,7,0,0,0,0,21
348,Adrian Grant,8,0,0,0,0,21
349,David Langdon,9,0,0,0,0,21
350,Peter Murray,10,0,0,0,0,21
351,Keith Harris,11,0,0,0,0,21
352,Matt Dyer,12,0,0,0,0,21
353,Kevin Taylor,13,0,0,0,0,21
354,Julian James,14,0,0,0,0,21
355,Stewart Alsop,15,0,0,0,0,21
356,Gavin MacDonald,16,0,0,0,0,21
357,Benjamin Oliver,17,0,0,0,0,21
358,Neil Sutherland,1,0,0,0,0,22
359,Justin Kerr,2,0,0,0,0,22
360,Adam Hart,3,0,0,0,0,22
361,Oliver North,4,0,0,0,0,22
362,Paul Paige,5,0,0,0,0,22
363,Jacob Lambert,6,0,0,0,0,22
364,Trevor Langdon,7,0,0,0,0,22
365,Jonathan Hemmings,8,0,0,0,0,22
366,Victor Dickens,9,0,0,0,0,22
367,Phil Sharp,10,0,0,0,0,22
368,John Morgan,11,0,0,0,0,22
369,Andrew Howard,12,0,0,0,0,22
370,Richard Clark,13,0,0,0,0,22
371,Michael Parr,14,0,0,0,0,22
372,Frank Anderson,15,0,0,0,0,22
373,Alexander Allan,16,0,0,0,0,22
374,Isaac Abraham,17,0,0,0,0,22
375,Justin Avery,1,0,0,0,0,23
376,Christopher Wilkins,2,0,0,0,0,23
377,Owen Paige,3,0,0,0,0,23
378,Brian Jones,4,0,0,0,0,23
379,Luke Hart,5,0,0,0,0,23
380,Dan Forsyth,6,0,0,0,0,23
381,Joe Ince,7,0,0,0,0,23
382,Anthony Turner,8,0,0,0,0,23
383,Jonathan Taylor,9,0,0,0,0,23
384,Keith Oliver,10,0,0,0,0,23
385,Carl Ince,11,0,0,0,0,23
386,James Dickens,12,0,0,0,0,23
387,Julian Hudson,13,0,0,0,0,23
388,Nicholas MacDonald,14,0,0,0,0,23
389,Dominic Sharp,15,0,0,0,0,23
390,Jason James,16,0,0,0,0,23
391,Alexander Parr,17,0,0,0,0,23
392,Neil Martin,1,0,0,0,0,24
393,Sam White,2,0,0,0,0,24
394,Tim Hart,3,0,0,0,0,24
395,Jacob Mathis,4,0,0,0,0,24
396,Leonard Terry,5,0,0,0,0,24
397,Julian Vance,6,0,0,0,0,24
398,Stewart Bailey,7,0,0,0,0,24
399,Connor Springer,8,0,0,0,0,24
400,Alexander Paterson,9,0,0,0,0,24
401,Dominic Martin,10,0,0,0,0,24
402,Jason Mitchell,11,0,0,0,0,24
403,Phil Anderson,12,0,0,0,0,24
404,Austin White,13,0,0,0,0,24
405,Thomas Jackson,14,0,0,0,0,24
406,Thomas McGrath,15,0,0,0,0,24
407,Trevor Clarkson,16,0,0,0,0,24
408,Robert Rees,17,0,0,0,0,24
409,Alexander Hodges,1,0,0,0,0,25
410,Max Parsons,2,0,0,0,0,25
411,Anthony Gray,3,0,0,0,0,25
412,Michael Henderson,4,0,0,0,0,25
413,Keith Jackson,5,0,0,0,0,25
414,Joseph Paige,6,0,0,0,0,25
415,Benjamin Rees,7,0,0,0,0,25
416,Michael McLean,8,0,0,0,0,25
417,Michael White,9,0,0,0,0,25
418,Boris MacDonald,10,0,0,0,0,25
419,Lucas Cornish,11,0,0,0,0,25
420,Carl Butler,12,0,0,0,0,25
421,Michael Fraser,13,0,0,0,0,25
422,Jacob Lee,14,0,0,0,0,25
423,Frank Butler,15,0,0,0,0,25
424,Liam Wright,16,0,0,0,0,25
425,Jake Piper,17,0,0,0,0,25
426,Alan Gray,1,0,0,0,0,26
427,Michael McGrath,2,0,0,0,0,26
428,Justin Jackson,3,0,0,0,0,26
429,Dylan Powell,4,0,0,0,0,26
430,Brandon Miller,5,0,0,0,0,26
431,Joseph Springer,6,0,0,0,0,26
432,Frank Fraser,7,0,0,0,0,26
433,Cameron Sharp,8,0,0,0,0,26
434,Brian Avery,9,0,0,0,0,26
435,Joseph Fraser,10,0,0,0,0,26
436,Steven Berry,11,0,0,0,0,26
437,Julian Oliver,12,0,0,0,0,26
438,Michael Morrison,13,0,0,0,0,26
439,Charles Lambert,14,0,0,0,0,26
440,Matt Stewart,15,0,0,0,0,26
441,Andrew May,16,0,0,0,0,26
442,Adrian Bailey,17,0,0,0,0,26
443,Evan Young,1,0,0,0,0,27
444,Stewart Peters,2,0,0,0,0,27
445,Sean Walker,3,0,0,0,0,27
446,Nicholas Hardacre,4,0,0,0,0,27
447,Kevin Simpson,5,0,0,0,0,27
448,Jonathan Carr,6,0,0,0,0,27
449,Carl Tucker,7,0,0,0,0,27
450,Trevor Duncan,8,0,0,0,0,27
451,Stewart Scott,9,0,0,0,0,27
452,Christian Rees,10,0,0,0,0,27
453,Sean Paige,11,0,0,0,0,27
454,Christian Quinn,12,0,0,0,0,27
455,Cameron Clarkson,13,0,0,0,0,27
456,Piers Brown,14,0,0,0,0,27
457,Julian Payne,15,0,0,0,0,27
458,Isaac Anderson,16,0,0,0,0,27
459,Max Watson,17,0,0,0,0,27
460,Jason Duncan,1,0,0,0,0,28
461,Evan Butler,2,0,0,0,0,28
462,Matt Terry,3,0,0,0,0,28
463,Christopher Fraser,4,0,0,0,0,28
464,Jake North,5,0,0,0,0,28
465,Kevin Stewart,6,0,0,0,0,28
466,Brandon Clarkson,7,0,0,0,0,28
467,Isaac Edmunds,8,0,0,0,0,28
468,Sebastian Davidson,9,0,0,0,0,28
469,Julian Abraham,10,0,0,0,0,28
470,Adrian Paige,11,0,0,0,0,28
471,Dylan Anderson,12,0,0,0,0,28
472,Stewart Gibson,13,0,0,0,0,28
473,Brian Hunter,14,0,0,0,0,28
474,Nicholas Bell,15,0,0,0,0,28
475,Sam Sanderson,16,0,0,0,0,28
476,Julian Chapman,17,0,0,0,0,28
477,John Kelly,1,0,0,0,0,29
478,James Gill,2,0,0,0,0,29
479,David Welch,3,0,0,0,0,29
480,Justin Churchill,4,0,0,0,0,29
481,Justin Campbell,5,0,0,0,0,29
482,Sean Campbell,6,0,0,0,0,29
483,Dan McGrath,7,0,0,0,0,29
484,Julian Hill,8,0,0,0,0,29
485,Victor Morrison,9,0,0,0,0,29
486,Owen Welch,10,0,0,0,0,29
487,Gordon Gray,11,0,0,0,0,29
488,Adam MacLeod,12,0,0,0,0,29
489,Jason Vaughan,13,0,0,0,0,29
490,Adrian Metcalfe,14,0,0,0,0,29
491,Sebastian Mathis,15,0,0,0,0,29
492,Steven Stewart,16,0,0,0,0,29
493,Edward Slater,17,0,0,0,0,29
494,Stephen Randall,1,0,0,0,0,30
495,Isaac Ellison,2,0,0,0,0,30
496,Carl Wallace,3,0,0,0,0,30
497,Nathan Campbell,4,0,0,0,0,30
498,Benjamin Jackson,5,0,0,0,0,30
499,Sam Mills,6,0,0,0,0,30
500,Julian North,7,0,0,0,0,30
501,Connor Black,8,0,0,0,0,30
502,Jonathan Blake,9,0,0,0,0,30
503,Oliver Mills,10,0,0,0,0,30
504,Anthony Rutherford,11,0,0,0,0,30
505,Kevin White,12,0,0,0,0,30
506,Jonathan Lee,13,0,0,0,0,30
507,Sam Lee,14,0,0,0,0,30
508,Michael Morgan,15,0,0,0,0,30
509,Phil Nash,16,0,0,0,0,30
510,Lucas Walker,17,0,0,0,0,30
511,Max Fraser,1,0,0,0,0,31
512,Julian Clark,2,0,0,0,0,31
513,Robert Terry,3,0,0,0,0,31
514,Steven Underwood,4,0,0,0,0,31
515,Sam Dyer,5,0,0,0,0,31
516,Peter Walker,6,0,0,0,0,31
517,Cameron Blake,7,0,0,0,0,31
518,Joseph Martin,8,0,0,0,0,31
519,Peter Ince,9,0,0,0,0,31
520,Neil Greene,10,0,0,0,0,31
521,Colin Miller,11,0,0,0,0,31
522,Charles Berry,12,0,0,0,0,31
523,Adam Brown,13,0,0,0,0,31
524,Justin Ball,14,0,0,0,0,31
525,Owen Ince,15,0,0,0,0,31
526,Sean Ince,16,0,0,0,0,31
527,Simon Scott,17,0,0,0,0,31
528,Warren Avery,1,0,0,0,0,32
529,Joshua McDonald,2,0,0,0,0,32
530,Piers Nash,3,0,0,0,0,32
531,Adrian Nolan,4,0,0,0,0,32
532,Owen Glover,5,0,0,0,0,32
533,Alexander Ferguson,6,0,0,0,0,32
534,William Thomson,7,0,0,0,0,32
535,Michael Langdon,8,0,0,0,0,32
536,Jacob Kerr,9,0,0,0,0,32
537,Frank Forsyth,10,0,0,0,0,32
538,Simon McLean,11,0,0,0,0,32
539,Neil Kerr,12,0,0,0,0,32
540,Jonathan Bell,13,0,0,0,0,32
541,Joseph Ross,14,0,0,0,0,32
542,Thomas Greene,15,0,0,0,0,32
543,Christopher Fisher,16,0,0,0,0,32
544,David Forsyth,17,0,0,0,0,32
545,Christopher Walsh,1,0,0,0,0,33
546,Andrew Churchill,2,0,0,0,0,33
547,Alan Harris,3,0,0,0,0,33
548,Ian Bond,4,0,0,0,0,33
549,Victor Dyer,5,0,0,0,0,33
550,Paul Oliver,6,0,0,0,0,33
551,Connor Walker,7,0,0,0,0,33
552,William Avery,8,0,0,0,0,33
553,Sean Payne,9,0,0,0,0,33
554,Colin Ross,10,0,0,0,0,33
555,Charles Mills,11,0,0,0,0,33
556,John Baker,12,0,0,0,0,33
557,Julian Coleman,13,0,0,0,0,33
558,Ian Turner,14,0,0,0,0,33
559,Matt Hill,15,0,0,0,0,33
560,Nathan Tucker,16,0,0,0,0,33
561,Alexander Terry,17,0,0,0,0,33
562,Robert Young,1,0,0,0,0,34
563,Christopher Mathis,2,0,0,0,0,34
564,Paul Grant,3,0,0,0,0,34
565,Leonard Lambert,4,0,0,0,0,34
566,Cameron Arnold,5,0,0,0,0,34
567,Simon Paige,6,0,0,0,0,34
568,Robert Peake,7,0,0,0,0,34
569,John Welch,8,0,0,0,0,34
570,Carl Mills,9,0,0,0,0,34
571,Harry Wilkins,10,0,0,0,0,34
572,Gavin King,11,0,0,0,0,34
573,Adam Lee,12,0,0,0,0,34
574,Charles Johnston,13,0,0,0,0,34
575,Michael Gibson,14,0,0,0,0,34
576,Ryan Morgan,15,0,0,0,0,34
577,Liam Springer,16,0,0,0,0,34
578,Dan Anderson,17,0,0,0,0,34
579,Jack Russell,1,0,0,0,0,35
580,Luke Walsh,2,0,0,0,0,35
581,Ian Kelly,3,0,0,0,0,35
582,Anthony Morrison,4,0,0,0,0,35
583,Julian Newman,5,0,0,0,0,35
584,Luke Gill,6,0,0,0,0,35
585,Luke Blake,7,0,0,0,0,35
586,Dylan Tucker,8,0,0,0,0,35
587,Lucas Scott,9,0,0,0,0,35
588,Tim Paterson,10,0,0,0,0,35
589,Robert Parsons,11,0,0,0,0,35
590,Isaac Campbell,12,0,0,0,0,35
591,Alexander Mills,13,0,0,0,0,35
592,Lucas Sanderson,14,0,0,0,0,35
593,Justin McDonald,15,0,0,0,0,35
594,Gavin Graham,16,0,0,0,0,35
595,Colin Ball,17,0,0,0,0,35
596,Blake Anderson,1,0,0,0,0,36
597,Dominic Burgess,2,0,0,0,0,36
598,Isaac Knox,3,0,0,0,0,36
599,Sebastian Ross,4,0,0,0,0,36
600,John Black,5,0,0,0,0,36
601,Anthony Sharp,6,0,0,0,0,36
602,Jake Short,7,0,0,0,0,36
603,Stewart Newman,8,0,0,0,0,36
604,Evan Morrison,9,0,0,0,0,36
605,Simon Manning,10,0,0,0,0,36
606,Richard Chapman,11,0,0,0,0,36
607,Isaac Bower,12,0,0,0,0,36
608,Sam Baker,13,0,0,0,0,36
609,Thomas Wilson,14,0,0,0,0,36
610,Phil Carr,15,0,0,0,0,36
611,Thomas Rutherford,16,0,0,0,0,36
612,Jonathan Berry,17,0,0,0,0,36
613,Frank Hart,1,0,0,0,0,37
614,Benjamin Berry,2,0,0,0,0,37
615,Charles Alsop,3,0,0,0,0,37
616,Joe Burgess,4,0,0,0,0,37
617,Joe Davidson,5,0,0,0,0,37
618,Jack Clark,6,0,0,0,0,37
619,Blake Tucker,7,0,0,0,0,37
620,Luke Dyer,8,0,0,0,0,37
621,Andrew Graham,9,0,0,0,0,37
622,Warren Glover,10,0,0,0,0,37
623,Jason Underwood,11,0,0,0,0,37
624,Frank Lewis,12,0,0,0,0,37
625,Thomas Clarkson,13,0,0,0,0,37
626,Piers Metcalfe,14,0,0,0,0,37
627,Robert Thomson,15,0,0,0,0,37
628,Adam Buckland,16,0,0,0,0,37
629,Michael Chapman,17,0,0,0,0,37
630,Sean Taylor,1,0,0,0,0,38
631,Boris Hemmings,2,0,0,0,0,38
632,Evan Parr,3,0,0,0,0,38
633,Phil Mathis,4,0,0,0,0,38
634,Nicholas Clarkson,5,0,0,0,0,38
635,Stephen Clarkson,6,0,0,0,0,38
636,Christian Dyer,7,0,0,0,0,38
637,Andrew Ball,8,0,0,0,0,38
638,Adam May,9,0,0,0,0,38
639,Justin Lawrence,10,0,0,0,0,38
640,Sebastian Arnold,11,0,0,0,0,38
641,Julian Ogden,12,0,0,0,0,38
642,Alexander Simpson,13,0,0,0,0,38
643,Brian Hemmings,14,0,0,0,0,38
644,Brandon Graham,15,0,0,0,0,38
645,Tim Walker,16,0,0,0,0,38
646,Gordon Jones,17,0,0,0,0,38
647,Gavin McDonald,1,0,0,0,0,39
648,Austin McGrath,2,0,0,0,0,39
649,Jack Robertson,3,0,0,0,0,39
650,David Mills,4,0,0,0,0,39
651,Stephen Hamilton,5,0,0,0,0,39
652,Adam Butler,6,0,0,0,0,39
653,Gordon Hart,7,0,0,0,0,39
654,Liam Hodges,8,0,0,0,0,39
655,Blake Smith,9,0,0,0,0,39
656,Connor MacLeod,10,0,0,0,0,39
657,Connor Vaughan,11,0,0,0,0,39
658,Justin Gray,12,0,0,0,0,39
659,Gavin Campbell,13,0,0,0,0,39
660,John Arnold,14,0,0,0,0,39
661,Ian Fraser,15,0,0,0,0,39
662,Robert Fraser,16,0,0,0,0,39
663,Kevin McLean,17,0,0,0,0,39
664,William Lambert,1,0,0,0,0,40
665,Dominic Berry,2,0,0,0,0,40
666,Piers Wilson,3,0,0,0,0,40
667,Warren Ross,4,0,0,0,0,40
668,Julian Mackay,5,0,0,0,0,40
669,Carl Simpson,6,0,0,0,0,40
670,Boris Clark,7,0,0,0,0,40
671,Jack Newman,8,0,0,0,0,40
672,Harry Russell,9,0,0,0,0,40
673,Thomas Peake,10,0,0,0,0,40
674,Paul Hart,11,0,0,0,0,40
675,Dylan Russell,12,0,0,0,0,40
676,Carl Morgan,13,0,0,0,0,40
677,John Coleman,14,0,0,0,0,40
678,Charles Clarkson,15,0,0,0,0,40
679,Ian Morgan,16,0,0,0,0,40
680,Dominic Grant,17,0,0,0,0,40
681,Adrian Walsh,1,0,0,0,0,41
682,Joe Payne,2,0,0,0,0,41
683,Sebastian Hodges,3,0,0,0,0,41
684,Jack Campbell,4,0,0,0,0,41
685,Luke Chapman,5,0,0,0,0,41
686,Connor Simpson,6,0,0,0,0,41
687,Edward Coleman,7,0,0,0,0,41
688,Luke Rutherford,8,0,0,0,0,41
689,Simon Hudson,9,0,0,0,0,41
690,John Skinner,10,0,0,0,0,41
691,Boris Bond,11,0,0,0,0,41
692,Joe Coleman,12,0,0,0,0,41
693,Luke Ince,13,0,0,0,0,41
694,Isaac Nolan,14,0,0,0,0,41
695,Dominic Walker,15,0,0,0,0,41
696,Sebastian Cameron,16,0,0,0,0,41
697,Alan Young,17,0,0,0,0,41
698,Boris Hart,1,0,0,0,0,42
699,Tim Short,2,0,0,0,0,42
700,Dominic Paige,3,0,0,0,0,42
701,Liam Knox,4,0,0,0,0,42
702,Nicholas Ince,5,0,0,0,0,42
703,David Jones,6,0,0,0,0,42
704,Phil Wallace,7,0,0,0,0,42
705,Brandon Hunter,8,0,0,0,0,42
706,Cameron Glover,9,0,0,0,0,42
707,Harry Davies,10,0,0,0,0,42
708,Robert Watson,11,0,0,0,0,42
709,Frank North,12,0,0,0,0,42
710,Liam Jones,13,0,0,0,0,42
711,Cameron Smith,14,0,0,0,0,42
712,Benjamin Scott,15,0,0,0,0,42
713,Warren Oliver,16,0,0,0,0,42
714,Dan Bailey,17,0,0,0,0,42
715,David Bell,1,0,0,0,0,43
716,Carl Allan,2,0,0,0,0,43
717,Tim Butler,3,0,0,0,0,43
718,Jonathan Nolan,4,0,0,0,0,43
719,Simon Oliver,5,0,0,0,0,43
720,Matt James,6,0,0,0,0,43
721,Trevor Chapman,7,0,0,0,0,43
722,Warren Rutherford,8,0,0,0,0,43
723,Isaac Watson,9,0,0,0,0,43
724,Jason Blake,10,0,0,0,0,43
725,Joshua Rampling,11,0,0,0,0,43
726,Keith Duncan,12,0,0,0,0,43
727,Isaac Fisher,13,0,0,0,0,43
728,Richard Avery,14,0,0,0,0,43
729,Oliver Powell,15,0,0,0,0,43
730,Victor Berry,16,0,0,0,0,43
731,Oliver Parsons,17,0,0,0,0,43
732,Thomas Russell,1,0,0,0,0,44
733,Luke Newman,2,0,0,0,0,44
734,Joseph Bailey,3,0,0,0,0,44
735,Leonard Campbell,4,0,0,0,0,44
736,Nathan Vaughan,5,0,0,0,0,44
737,Trevor Henderson,6,0,0,0,0,44
738,Tim Bell,7,0,0,0,0,44
739,Neil Thomson,8,0,0,0,0,44
740,Dominic Sutherland,9,0,0,0,0,44
741,Eric Wallace,10,0,0,0,0,44
742,Liam Fraser,11,0,0,0,0,44
743,Alan Payne,12,0,0,0,0,44
744,Joshua Sutherland,13,0,0,0,0,44
745,Ian Ball,14,0,0,0,0,44
746,Joshua Henderson,15,0,0,0,0,44
747,Max Berry,16,0,0,0,0,44
748,Andrew Brown,17,0,0,0,0,44
749,Joe Kerr,1,0,0,0,0,45
750,Sean Anderson,2,0,0,0,0,45
751,Colin Parr,3,0,0,0,0,45
752,Anthony Rampling,4,0,0,0,0,45
753,Evan Hemmings,5,0,0,0,0,45
754,Boris Hunter,6,0,0,0,0,45
755,Sam Hill,7,0,0,0,0,45
756,Trevor Martin,8,0,0,0,0,45
757,Max Henderson,9,0,0,0,0,45
758,Oliver Taylor,10,0,0,0,0,45
759,Colin Rutherford,11,0,0,0,0,45
760,Adam Payne,12,0,0,0,0,45
761,Boris Buckland,13,0,0,0,0,45
762,Keith Rutherford,14,0,0,0,0,45
763,Andrew Wilkins,15,0,0,0,0,45
764,Leonard Mills,16,0,0,0,0,45
765,Christian Watson,17,0,0,0,0,45
766,Adrian Davidson,1,0,0,0,0,46
767,Charles Underwood,2,0,0,0,0,46
768,Austin Abraham,3,0,0,0,0,46
769,Peter Wilson,4,0,0,0,0,46
770,Blake Coleman,5,0,0,0,0,46
771,Sam Lawrence,6,0,0,0,0,46
772,Evan Mackenzie,7,0,0,0,0,46
773,Connor McLean,8,0,0,0,0,46
774,Julian Turner,9,0,0,0,0,46
775,Justin Wright,10,0,0,0,0,46
776,Lucas James,11,0,0,0,0,46
777,Evan Graham,12,0,0,0,0,46
778,Joseph Hamilton,13,0,0,0,0,46
779,Boris Anderson,14,0,0,0,0,46
780,Gavin Davidson,15,0,0,0,0,46
781,Matt Hunter,16,0,0,0,0,46
782,Austin Wright,17,0,0,0,0,46
783,Alan Burgess,1,0,0,0,0,47
784,Jason Hunter,2,0,0,0,0,47
785,Victor James,3,0,0,0,0,47
786,Jacob Hill,4,0,0,0,0,47
787,Boris Churchill,5,0,0,0,0,47
788,Oliver Hudson,6,0,0,0,0,47
789,Joe Nash,7,0,0,0,0,47
790,Piers Bell,8,0,0,0,0,47
791,Thomas King,9,0,0,0,0,47
792,Gavin Forsyth,10,0,0,0,0,47
793,Edward Miller,11,0,0,0,0,47
794,Evan Bower,12,0,0,0,0,47
795,Nathan Jones,13,0,0,0,0,47
796,Neil Dickens,14,0,0,0,0,47
797,Tim North,15,0,0,0,0,47
798,Luke Forsyth,16,0,0,0,0,47
799,Victor Roberts,17,0,0,0,0,47
800,Simon Edmunds,1,0,0,0,0,48
801,Tim Robertson,2,0,0,0,0,48
802,Joshua Manning,3,0,0,0,0,48
803,James Johnston,4,0,0,0,0,48
804,Evan Allan,5,0,0,0,0,48
805,Kevin Miller,6,0,0,0,0,48
806,Oliver Watson,7,0,0,0,0,48
807,Colin Walker,8,0,0,0,0,48
808,Frank Gibson,9,0,0,0,0,48
809,Kevin Underwood,10,0,0,0,0,48
810,Stephen Morgan,11,0,0,0,0,48
811,Julian Nolan,12,0,0,0,0,48
812,Keith Morgan,13,0,0,0,0,48
813,Blake Underwood,14,0,0,0,0,48
814,Edward Abraham,15,0,0,0,0,48
815,Ian Cameron,16,0,0,0,0,48
816,Neil May,17,0,0,0,0,48
817,Gavin Bond,1,0,0,0,0,49
818,Warren Kerr,2,0,0,0,0,49
819,Nathan Ogden,3,0,0,0,0,49
820,Alan North,4,0,0,0,0,49
821,Trevor Pullman,5,0,0,0,0,49
822,Max Mackay,6,0,0,0,0,49
823,Adrian Lyman,7,0,0,0,0,49
824,Benjamin Martin,8,0,0,0,0,49
825,Luke Robertson,9,0,0,0,0,49
826,Phil May,10,0,0,0,0,49
827,Gavin Skinner,11,0,0,0,0,49
828,Gordon Vance,12,0,0,0,0,49
829,Michael Graham,13,0,0,0,0,49
830,Warren Dickens,14,0,0,0,0,49
831,Jake Gill,15,0,0,0,0,49
832,Peter Welch,16,0,0,0,0,49
833,James Wilkins,17,0,0,0,0,49
834,Liam Skinner,1,0,0,0,0,50
835,Charles Taylor,2,0,0,0,0,50
836,Thomas Paterson,3,0,0,0,0,50
837,Christopher Butler,4,0,0,0,0,50
838,Brandon Oliver,5,0,0,0,0,50
839,Trevor Ince,6,0,0,0,0,50
840,Boris Underwood,7,0,0,0,0,50
841,Alan Lambert,8,0,0,0,0,50
842,Stewart Dowd,9,0,0,0,0,50
843,Gordon Fisher,10,0,0,0,0,50
844,Lucas Graham,11,0,0,0,0,50
845,Joshua Marshall,12,0,0,0,0,50
846,Robert Bell,13,0,0,0,0,50
847,Carl Parsons,14,0,0,0,0,50
848,Brandon Blake,15,0,0,0,0,50
849,Dan Ferguson,16,0,0,0,0,50
850,Andrew White,17,0,0,0,0,50
851,Stewart Piper,1,0,0,0,0,51
852,Ian Walsh,2,0,0,0,0,51
853,James Clarkson,3,0,0,0,0,51
854,Carl Terry,4,0,0,0,0,51
855,Edward Edmunds,5,0,0,0,0,51
856,Carl Lee,6,0,0,0,0,51
857,William Churchill,7,0,0,0,0,51
858,Liam Fisher,8,0,0,0,0,51
859,Jason Campbell,9,0,0,0,0,51
860,Dominic Tucker,10,0,0,0,0,51
861,Trevor Hill,11,0,0,0,0,51
862,Max Harris,12,0,0,0,0,51
863,David Kelly,13,0,0,0,0,51
864,Adam Abraham,14,0,0,0,0,51
865,Nathan Mathis,15,0,0,0,0,51
866,Christian Powell,16,0,0,0,0,51
867,Oliver Cameron,17,0,0,0,0,51
868,Paul Kerr,1,0,0,0,0,52
869,Phil Paige,2,0,0,0,0,52
870,John Nash,3,0,0,0,0,52
871,Oliver Robertson,4,0,0,0,0,52
872,Ian Blake,5,0,0,0,0,52
873,Brandon McGrath,6,0,0,0,0,52
874,Peter Russell,7,0,0,0,0,52
875,Liam Davies,8,0,0,0,0,52
876,Brandon North,9,0,0,0,0,52
877,Eric Morrison,10,0,0,0,0,52
878,Gordon Vaughan,11,0,0,0,0,52
879,Jason Wallace,12,0,0,0,0,52
880,Benjamin Glover,13,0,0,0,0,52
881,Andrew Newman,14,0,0,0,0,52
882,Phil Simpson,15,0,0,0,0,52
883,Ryan Springer,16,0,0,0,0,52
884,Piers Hughes,17,0,0,0,0,52
885,Dan Mackenzie,1,0,0,0,0,53
886,Sebastian Hunter,2,0,0,0,0,53
887,Tim Taylor,3,0,0,0,0,53
888,Jonathan Buckland,4,0,0,0,0,53
889,Nathan Simpson,5,0,0,0,0,53
890,Lucas Hill,6,0,0,0,0,53
891,Paul Dowd,7,0,0,0,0,53
892,Ian Skinner,8,0,0,0,0,53
893,Nathan Kelly,9,0,0,0,0,53
894,Jack Lee,10,0,0,0,0,53
895,Evan Short,11,0,0,0,0,53
896,Phil Harris,12,0,0,0,0,53
897,Alexander Dowd,13,0,0,0,0,53
898,James Smith,14,0,0,0,0,53
899,David Peters,15,0,0,0,0,53
900,Trevor Hamilton,16,0,0,0,0,53
901,Dan Simpson,17,0,0,0,0,53
902,Colin MacDonald,1,0,0,0,0,54
903,Benjamin Short,2,0,0,0,0,54
904,Peter Parr,3,0,0,0,0,54
905,Adrian Edmunds,4,0,0,0,0,54
906,Andrew Ross,5,0,0,0,0,54
907,Ryan Peake,6,0,0,0,0,54
908,Cameron Vance,7,0,0,0,0,54
909,Paul Buckland,8,0,0,0,0,54
910,Lucas Abraham,9,0,0,0,0,54
911,Isaac Skinner,10,0,0,0,0,54
912,Luke Pullman,11,0,0,0,0,54
913,Anthony Johnston,12,0,0,0,0,54
914,Isaac Sharp,13,0,0,0,0,54
915,Christopher Glover,14,0,0,0,0,54
916,Piers James,15,0,0,0,0,54
917,David Tucker,16,0,0,0,0,54
918,Liam Black,17,0,0,0,0,54
919,Richard Hunter,1,0,0,0,0,55
920,Simon Martin,2,0,0,0,0,55
921,Oliver Terry,3,0,0,0,0,55
922,Steven Rees,4,0,0,0,0,55
923,Blake Brown,5,0,0,0,0,55
924,Sebastian Walker,6,0,0,0,0,55
925,Stewart Randall,7,0,0,0,0,55
926,Jason Clarkson,8,0,0,0,0,55
927,Michael Roberts,9,0,0,0,0,55
928,Paul Duncan,10,0,0,0,0,55
929,Sam Springer,11,0,0,0,0,55
930,Max Piper,12,0,0,0,0,55
931,Joshua Gibson,13,0,0,0,0,55
932,Stephen Coleman,14,0,0,0,0,55
933,Piers Turner,15,0,0,0,0,55
934,Ian Black,16,0,0,0,0,55
935,Joseph Bower,17,0,0,0,0,55
936,Steven Gibson,1,0,0,0,0,56
937,Dominic Metcalfe,2,0,0,0,0,56
938,Tim Parr,3,0,0,0,0,56
939,Connor Thomson,4,0,0,0,0,56
940,Steven Glover,5,0,0,0,0,56
941,Joseph Walsh,6,0,0,0,0,56
942,Jacob Grant,7,0,0,0,0,56
943,Nathan Short,8,0,0,0,0,56
944,Joe Terry,9,0,0,0,0,56
945,Eric Newman,10,0,0,0,0,56
946,Sebastian Berry,11,0,0,0,0,56
947,Frank Vaughan,12,0,0,0,0,56
948,Dylan Mackay,13,0,0,0,0,56
949,Sam Randall,14,0,0,0,0,56
950,Charles Gray,15,0,0,0,0,56
951,Jacob Hemmings,16,0,0,0,0,56
952,Phil Paterson,17,0,0,0,0,56
953,Liam Newman,1,0,0,0,0,57
954,Alexander Fisher,2,0,0,0,0,57
955,Adrian Miller,3,0,0,0,0,57
956,Anthony Murray,4,0,0,0,0,57
957,Dominic Buckland,5,0,0,0,0,57
958,Brian Mills,6,0,0,0,0,57
959,Owen Butler,7,0,0,0,0,57
960,Trevor Wilkins,8,0,0,0,0,57
961,Max Campbell,9,0,0,0,0,57
962,Ian McDonald,10,0,0,0,0,57
963,Steven Lawrence,11,0,0,0,0,57
964,Sean Hardacre,12,0,0,0,0,57
965,James Black,13,0,0,0,0,57
966,Piers Thomson,14,0,0,0,0,57
967,Carl Miller,15,0,0,0,0,57
968,Michael Dowd,16,0,0,0,0,57
969,Benjamin Mackenzie,17,0,0,0,0,57
970,Ian Parsons,1,0,0,0,0,58
971,Cameron Martin,2,0,0,0,0,58
972,Jason Gill,3,0,0,0,0,58
973,Brian Wilkins,4,0,0,0,0,58
974,Brandon Powell,5,0,0,0,0,58
975,Harry Campbell,6,0,0,0,0,58
976,Gordon White,7,0,0,0,0,58
977,Carl Wilkins,8,0,0,0,0,58
978,Christopher Davies,9,0,0,0,0,58
979,Evan Baker,10,0,0,0,0,58
980,Dan Short,11,0,0,0,0,58
981,Victor Kelly,12,0,0,0,0,58
982,Steven Scott,13,0,0,0,0,58
983,Lucas Taylor,14,0,0,0,0,58
984,Charles Hudson,15,0,0,0,0,58
985,John Langdon,16,0,0,0,0,58
986,Edward Wilkins,17,0,0,0,0,58
987,Ian Paterson,1,0,0,0,0,59
988,Christopher Smith,2,0,0,0,0,59
989,Gavin Marshall,3,0,0,0,0,59
990,Paul Paterson,4,0,0,0,0,59
991,Joseph Bell,5,0,0,0,0,59
992,Lucas Clarkson,6,0,0,0,0,59
993,Nicholas Roberts,7,0,0,0,0,59
994,Sebastian Terry,8,0,0,0,0,59
995,Austin Baker,9,0,0,0,0,59
996,Neil Hughes,10,0,0,0,0,59
997,Austin Slater,11,0,0,0,0,59
998,James Lee,12,0,0,0,0,59
999,Joe Paterson,13,0,0,0,0,59
1000,Stewart Smith,14,0,0,0,0,59
1001,Sam Rutherford,15,0,0,0,0,59
1002,Richard Stewart,16,0,0,0,0,59
1003,Brian North,17,0,0,0,0,59
1004,Joe Paige,1,0,0,0,0,60
1005,Blake Lee,2,0,0,0,0,60
1006,Brian Randall,3,0,0,0,0,60
1007,Phil Dickens,4,0,0,0,0,60
1008,Blake Lawrence,5,0,0,0,0,60
1009,Austin Fisher,6,0,0,0,0,60
1010,Leonard Lawrence,7,0,0,0,0,60
1011,Stephen Mitchell,8,0,0,0,0,60
1012,Warren Powell,9,0,0,0,0,60
1013,Charles Hughes,10,0,0,0,0,60
1014,Brandon Ferguson,11,0,0,0,0,60
1015,William Watson,12,0,0,0,0,60
1016,William Morrison,13,0,0,0,0,60
1017,Nicholas Randall,14,0,0,0,0,60
1018,John Hamilton,15,0,0,0,0,60
1019,Blake Nolan,16,0,0,0,0,60
1020,Andrew Clark,17,0,0,0,0,60
1021,Christian Parsons,1,0,0,0,0,61
1022,Adrian Ross,2,0,0,0,0,61
1023,Alexander Wright,3,0,0,0,0,61
1024,Benjamin Dyer,4,0,0,0,0,61
1025,Isaac Smith,5,0,0,0,0,61
1026,Gavin Mackenzie,6,0,0,0,0,61
1027,Dylan Bailey,7,0,0,0,0,61
1028,Gordon Poole,8,0,0,0,0,61
1029,Nicholas Harris,9,0,0,0,0,61
1030,Thomas Springer,10,0,0,0,0,61
1031,Gordon Underwood,11,0,0,0,0,61
1032,Phil Welch,12,0,0,0,0,61
1033,James Clark,13,0,0,0,0,61
1034,Liam Hunter,14,0,0,0,0,61
1035,Stewart Mathis,15,0,0,0,0,61
1036,Gordon King,16,0,0,0,0,61
1037,Peter Sharp,17,0,0,0,0,61
1038,Nicholas Clark,1,0,0,0,0,62
1039,Nicholas MacLeod,2,0,0,0,0,62
1040,Sam Jones,3,0,0,0,0,62
1041,Blake Newman,4,0,0,0,0,62
1042,Jason Forsyth,5,0,0,0,0,62
1043,Anthony McDonald,6,0,0,0,0,62
1044,Boris Kelly,7,0,0,0,0,62
1045,Robert Harris,8,0,0,0,0,62
1046,Lucas Gill,9,0,0,0,0,62
1047,Harry Avery,10,0,0,0,0,62
1048,Sean Rees,11,0,0,0,0,62
1049,Joe Mathis,12,0,0,0,0,62
1050,Robert Sharp,13,0,0,0,0,62
1051,Luke Lambert,14,0,0,0,0,62
1052,Sam Watson,15,0,0,0,0,62
1053,Kevin Graham,16,0,0,0,0,62
1054,Carl Arnold,17,0,0,0,0,62
1055,Stephen Welch,1,0,0,0,0,63
1056,Luke Hill,2,0,0,0,0,63
1057,Stephen Langdon,3,0,0,0,0,63
1058,Piers Skinner,4,0,0,0,0,63
1059,Victor Martin,5,0,0,0,0,63
1060,Alexander Howard,6,0,0,0,0,63
1061,Blake Mackay,7,0,0,0,0,63
1062,Alexander Arnold,8,0,0,0,0,63
1063,David Springer,9,0,0,0,0,63
1064,Victor Davidson,10,0,0,0,0,63
1065,Nathan Buckland,11,0,0,0,0,63
1066,Tim Miller,12,0,0,0,0,63
1067,Jacob MacDonald,13,0,0,0,0,63
1068,Jake Bailey,14,0,0,0,0,63
1069,Sebastian Dyer,15,0,0,0,0,63
1070,Alan Clarkson,16,0,0,0,0,63
1071,Joshua Reid,17,0,0,0,0,63
1072,Connor MacDonald,1,0,0,0,0,64
1073,Paul Russell,2,0,0,0,0,64
1074,Isaac Davidson,3,0,0,0,0,64
1075,Luke Russell,4,0,0,0,0,64
1076,Joshua Jones,5,0,0,0,0,64
1077,Neil MacDonald,6,0,0,0,0,64
1078,Dominic Underwood,7,0,0,0,0,64
1079,Boris Skinner,8,0,0,0,0,64
1080,Sean May,9,0,0,0,0,64
1081,Benjamin Smith,10,0,0,0,0,64
1082,Justin Smith,11,0,0,0,0,64
1083,Justin Anderson,12,0,0,0,0,64
1084,Robert Wallace,13,0,0,0,0,64
1085,Tim Gray,14,0,0,0,0,64
1086,Colin Harris,15,0,0,0,0,64
1087,Warren May,16,0,0,0,0,64
1088,Anthony Cornish,17,0,0,0,0,64
1089,Leonard Baker,1,0,0,0,0,65
1090,Jake Ellison,2,0,0,0,0,65
1091,Charles Morrison,3,0,0,0,0,65
1092,James Terry,4,0,0,0,0,65
1093,Liam Terry,5,0,0,0,0,65
1094,Jason Cameron,6,0,0,0,0,65
1095,Jake Walsh,7,0,0,0,0,65
1096,Gordon Rees,8,0,0,0,0,65
1097,Julian Cameron,9,0,0,0,0,65
1098,Dylan Skinner,10,0,0,0,0,65
1099,Owen Black,11,0,0,0,0,65
1100,John Hunter,12,0,0,0,0,65
1101,Steven Buckland,13,0,0,0,0,65
1102,John Hemmings,14,0,0,0,0,65
1103,Christopher Roberts,15,0,0,0,0,65
1104,Jacob Rees,16,0,0,0,0,65
1105,Matt Parr,17,0,0,0,0,65
1106,Owen Fraser,1,0,0,0,0,66
1107,Peter McGrath,2,0,0,0,0,66
1108,Alan Randall,3,0,0,0,0,66
1109,Neil Paterson,4,0,0,0,0,66
1110,Connor Henderson,5,0,0,0,0,66
1111,Jason Glover,6,0,0,0,0,66
1112,Adam Murray,7,0,0,0,0,66
1113,Jacob MacLeod,8,0,0,0,0,66
1114,Eric Abraham,9,0,0,0,0,66
1115,Benjamin Lewis,10,0,0,0,0,66
1116,Ian Manning,11,0,0,0,0,66
1117,Brian McLean,12,0,0,0,0,66
1118,Matt Allan,13,0,0,0,0,66
1119,Andrew Allan,14,0,0,0,0,66
1120,Luke Quinn,15,0,0,0,0,66
1121,Richard Ross,16,0,0,0,0,66
1122,Richard Langdon,17,0,0,0,0,66
1123,Charles Mackay,1,0,0,0,0,67
1124,Liam White,2,0,0,0,0,67
1125,Oliver Johnston,3,0,0,0,0,67
1126,James Piper,4,0,0,0,0,67
1127,Richard Slater,5,0,0,0,0,67
1128,Dan Parsons,6,0,0,0,0,67
1129,Dan Morrison,7,0,0,0,0,67
1130,Charles Jackson,8,0,0,0,0,67
1131,David Rampling,9,0,0,0,0,67
1132,Nicholas Hart,10,0,0,0,0,67
1133,Justin Lambert,11,0,0,0,0,67
1134,Robert Jones,12,0,0,0,0,67
1135,Oliver Hamilton,13,0,0,0,0,67
1136,Justin Turner,14,0,0,0,0,67
1137,Thomas Peters,15,0,0,0,0,67
1138,Ryan King,16,0,0,0,0,67
1139,Nicholas May,17,0,0,0,0,67
1140,Frank Hughes,1,0,0,0,0,68
1141,Colin Ellison,2,0,0,0,0,68
1142,Thomas Ince,3,0,0,0,0,68
1143,Julian Skinner,4,0,0,0,0,68
1144,Alexander Gibson,5,0,0,0,0,68
1145,Harry McGrath,6,0,0,0,0,68
1146,Joshua Wilson,7,0,0,0,0,68
1147,Lucas Black,8,0,0,0,0,68
1148,Steven Howard,9,0,0,0,0,68
1149,Connor Clark,10,0,0,0,0,68
1150,Connor Bower,11,0,0,0,0,68
1151,Jason Simpson,12,0,0,0,0,68
1152,Harry Walker,13,0,0,0,0,68
1153,Gordon Paige,14,0,0,0,0,68
1154,Thomas Mitchell,15,0,0,0,0,68
1155,William Piper,16,0,0,0,0,68
1156,Jacob Lyman,17,0,0,0,0,68
1157,Adam Alsop,1,0,0,0,0,69
1158,Ryan Wallace,2,0,0,0,0,69
1159,Andrew Bond,3,0,0,0,0,69
1160,Stewart Kelly,4,0,0,0,0,69
1161,Cameron Hughes,5,0,0,0,0,69
1162,Jake Hunter,6,0,0,0,0,69
1163,Gavin Rees,7,0,0,0,0,69
1164,Ian Clarkson,8,0,0,0,0,69
1165,James Howard,9,0,0,0,0,69
1166,Trevor Grant,10,0,0,0,0,69
1167,Adam Chapman,11,0,0,0,0,69
1168,Jacob Gibson,12,0,0,0,0,69
1169,Evan Randall,13,0,0,0,0,69
1170,Joe Chapman,14,0,0,0,0,69
1171,Warren Reid,15,0,0,0,0,69
1172,Frank Clarkson,16,0,0,0,0,69
1173,Austin Roberts,17,0,0,0,0,69
1174,Liam Berry,1,0,0,0,0,70
1175,Luke Johnston,2,0,0,0,0,70
1176,Warren Fraser,3,0,0,0,0,70
1177,Sebastian Peters,4,0,0,0,0,70
1178,Gavin McGrath,5,0,0,0,0,70
1179,Jacob Vaughan,6,0,0,0,0,70
1180,Sean Bailey,7,0,0,0,0,70
1181,Jonathan Forsyth,8,0,0,0,0,70
1182,Lucas Manning,9,0,0,0,0,70
1183,Colin Mackenzie,10,0,0,0,0,70
1184,Joseph Clark,11,0,0,0,0,70
1185,Owen Nash,12,0,0,0,0,70
1186,Gordon Grant,13,0,0,0,0,70
1187,Cameron Paige,14,0,0,0,0,70
1188,Peter North,15,0,0,0,0,70
1189,Gordon Walker,16,0,0,0,0,70
1190,Julian Hemmings,17,0,0,0,0,70
1191,Isaac Peters,1,0,0,0,0,71
1192,Keith Mackay,2,0,0,0,0,71
1193,Ian Howard,3,0,0,0,0,71
1194,Brian Russell,4,0,0,0,0,71
1195,Colin Metcalfe,5,0,0,0,0,71
1196,Richard Campbell,6,0,0,0,0,71
1197,Ian Robertson,7,0,0,0,0,71
1198,Jason Ball,8,0,0,0,0,71
1199,Adrian Brown,9,0,0,0,0,71
1200,Matt Kerr,10,0,0,0,0,71
1201,Harry Scott,11,0,0,0,0,71
1202,Eric Clark,12,0,0,0,0,71
1203,Brandon McLean,13,0,0,0,0,71
1204,Charles Blake,14,0,0,0,0,71
1205,Julian Duncan,15,0,0,0,0,71
1206,Eric Campbell,16,0,0,0,0,71
1207,Dan Ince,17,0,0,0,0,71
1208,Leonard Martin,1,0,0,0,0,72
1209,Jonathan Gray,2,0,0,0,0,72
1210,Edward Berry,3,0,0,0,0,72
1211,Nicholas Miller,4,0,0,0,0,72
1212,Kevin Mitchell,5,0,0,0,0,72
1213,Piers Hodges,6,0,0,0,0,72
1214,Kevin Hodges,7,0,0,0,0,72
1215,Richard Pullman,8,0,0,0,0,72
1216,Jonathan Dyer,9,0,0,0,0,72
1217,Anthony Parsons,10,0,0,0,0,72
1218,Ryan Gray,11,0,0,0,0,72
1219,Keith Hardacre,12,0,0,0,0,72
1220,Sam Reid,13,0,0,0,0,72
1221,Joshua Hill,14,0,0,0,0,72
1222,Isaac Vaughan,15,0,0,0,0,72
1223,Isaac Pullman,16,0,0,0,0,72
1224,Warren Metcalfe,17,0,0,0,0,72
1225,Steven Ogden,1,0,0,0,0,73
1226,Stephen Mathis,2,0,0,0,0,73
1227,Jonathan Pullman,3,0,0,0,0,73
1228,Robert Martin,4,0,0,0,0,73
1229,Warren Lawrence,5,0,0,0,0,73
1230,Kevin Dyer,6,0,0,0,0,73
1231,Isaac Welch,7,0,0,0,0,73
1232,Cameron Mathis,8,0,0,0,0,73
1233,Carl Skinner,9,0,0,0,0,73
1234,Trevor Greene,10,0,0,0,0,73
1235,Jason Lee,11,0,0,0,0,73
1236,Dylan Allan,12,0,0,0,0,73
1237,Stewart King,13,0,0,0,0,73
1238,Christian Tucker,14,0,0,0,0,73
1239,Ian Dowd,15,0,0,0,0,73
1240,David Brown,16,0,0,0,0,73
1241,Neil Hodges,17,0,0,0,0,73
1242,Neil Lyman,1,0,0,0,0,74
1243,Dan MacDonald,2,0,0,0,0,74
1244,Gavin Gibson,3,0,0,0,0,74
1245,Justin Slater,4,0,0,0,0,74
1246,Connor Marshall,5,0,0,0,0,74
1247,Ian Jones,6,0,0,0,0,74
1248,Anthony Quinn,7,0,0,0,0,74
1249,Michael Wallace,8,0,0,0,0,74
1250,Tim Mitchell,9,0,0,0,0,74
1251,Leonard Coleman,10,0,0,0,0,74
1252,Colin Dowd,11,0,0,0,0,74
1253,Adam Edmunds,12,0,0,0,0,74
1254,Tim MacDonald,13,0,0,0,0,74
1255,Simon Mathis,14,0,0,0,0,74
1256,Dan Payne,15,0,0,0,0,74
1257,Benjamin Gibson,16,0,0,0,0,74
1258,Stephen Campbell,17,0,0,0,0,74
1259,Alan Hughes,1,0,0,0,0,75
1260,Colin Manning,2,0,0,0,0,75
1261,James Peters,3,0,0,0,0,75
1262,Nathan Rampling,4,0,0,0,0,75
1263,Trevor Campbell,5,0,0,0,0,75
1264,Sam Davies,6,0,0,0,0,75
1265,Sean Lawrence,7,0,0,0,0,75
1266,Alan Alsop,8,0,0,0,0,75
1267,Alan Davies,9,0,0,0,0,75
1268,Kevin Peake,10,0,0,0,0,75
1269,Adrian Thomson,11,0,0,0,0,75
1270,James Lawrence,12,0,0,0,0,75
1271,Phil Buckland,13,0,0,0,0,75
1272,Neil McGrath,14,0,0,0,0,75
1273,Joshua Young,15,0,0,0,0,75
1274,Nicholas Hamilton,16,0,0,0,0,75
1275,Michael Lyman,17,0,0,0,0,75
1276,Colin Edmunds,1,0,0,0,0,76
1277,Frank MacDonald,2,0,0,0,0,76
1278,Benjamin Lambert,3,0,0,0,0,76
1279,Warren Lambert,4,0,0,0,0,76
1280,Warren Dyer,5,0,0,0,0,76
1281,Boris Lawrence,6,0,0,0,0,76
1282,Colin MacLeod,7,0,0,0,0,76
1283,Gordon Morgan,8,0,0,0,0,76
1284,Victor Bell,9,0,0,0,0,76
1285,Neil Lee,10,0,0,0,0,76
1286,Keith Mackenzie,11,0,0,0,0,76
1287,Trevor Berry,12,0,0,0,0,76
1288,Dan Thomson,13,0,0,0,0,76
1289,Liam Simpson,14,0,0,0,0,76
1290,Stewart Hemmings,15,0,0,0,0,76
1291,Richard Young,16,0,0,0,0,76
1292,Jacob Alsop,17,0,0,0,0,76
1293,Keith Campbell,1,0,0,0,0,77
1294,Jacob Avery,2,0,0,0,0,77
1295,David Hart,3,0,0,0,0,77
1296,Alexander Pullman,4,0,0,0,0,77
1297,Ian Mitchell,5,0,0,0,0,77
1298,Evan Stewart,6,0,0,0,0,77
1299,Max Ferguson,7,0,0,0,0,77
1300,Jacob Parsons,8,0,0,0,0,77
1301,Anthony Martin,9,0,0,0,0,77
1302,Phil Bell,10,0,0,0,0,77
1303,Liam Parsons,11,0,0,0,0,77
1304,Harry White,12,0,0,0,0,77
1305,Steven Short,13,0,0,0,0,77
1306,Benjamin Buckland,14,0,0,0,0,77
1307,Christian Miller,15,0,0,0,0,77
1308,Victor Pullman,16,0,0,0,0,77
1309,Frank Welch,17,0,0,0,0,77
1310,Edward Smith,1,0,0,0,0,78
1311,Jake Knox,2,0,0,0,0,78
1312,Christian Peters,3,0,0,0,0,78
1313,Dan Mills,4,0,0,0,0,78
1314,Joe James,5,0,0,0,0,78
1315,Justin Short,6,0,0,0,0,78
1316,Charles Peake,7,0,0,0,0,78
1317,Brian Dowd,8,0,0,0,0,78
1318,Gavin Allan,9,0,0,0,0,78
1319,Simon Poole,10,0,0,0,0,78
1320,Jonathan Fisher,11,0,0,0,0,78
1321,Evan Roberts,12,0,0,0,0,78
1322,Ian Gray,13,0,0,0,0,78
1323,Joseph Gray,14,0,0,0,0,78
1324,Owen Parsons,15,0,0,0,0,78
1325,Stewart Bond,16,0,0,0,0,78
1326,Joseph Lyman,17,0,0,0,0,78
1327,Owen Hardacre,1,0,0,0,0,79
1328,David Parsons,2,0,0,0,0,79
1329,Jake Langdon,3,0,0,0,0,79
1330,Oliver James,4,0,0,0,0,79
1331,Jonathan Graham,5,0,0,0,0,79
1332,Richard Skinner,6,0,0,0,0,79
1333,Jacob Ellison,7,0,0,0,0,79
1334,Liam Arnold,8,0,0,0,0,79
1335,Adam Wilkins,9,0,0,0,0,79
1336,Stewart Chapman,10,0,0,0,0,79
1337,Sam Ferguson,11,0,0,0,0,79
1338,Piers Welch,12,0,0,0,0,79
1339,Blake Vance,13,0,0,0,0,79
1340,Joe Lewis,14,0,0,0,0,79
1341,Leonard Hill,15,0,0,0,0,79
1342,Joshua Wilkins,16,0,0,0,0,79
1343,Steven Wallace,17,0,0,0,0,79
1344,Christian Brown,1,0,0,0,0,80
1345,Alexander Walsh,2,0,0,0,0,80
1346,Blake Knox,3,0,0,0,0,80
1347,Brian Morgan,4,0,0,0,0,80
1348,Jonathan Johnston,5,0,0,0,0,80
1349,Jake Wallace,6,0,0,0,0,80
1350,Sam Rampling,7,0,0,0,0,80
1351,Benjamin Dowd,8,0,0,0,0,80
1352,Phil Oliver,9,0,0,0,0,80
1353,Joe Morrison,10,0,0,0,0,80
1354,Michael Wilkins,11,0,0,0,0,80
1355,Keith Morrison,12,0,0,0,0,80
1356,Joshua Churchill,13,0,0,0,0,80
1357,Richard Ince,14,0,0,0,0,80
1358,Stewart Kerr,15,0,0,0,0,80
1359,Adam Walker,16,0,0,0,0,80
1360,Stewart Blake,17,0,0,0,0,80
1361,Isaac Jackson,1,0,0,0,0,81
1362,Steven Davies,2,0,0,0,0,81
1363,Robert Skinner,3,0,0,0,0,81
1364,Cameron Parr,4,0,0,0,0,81
1365,Nicholas Murray,5,0,0,0,0,81
1366,Stephen Mackay,6,0,0,0,0,81
1367,Brian Cameron,7,0,0,0,0,81
1368,Keith Ince,8,0,0,0,0,81
1369,Isaac Gill,9,0,0,0,0,81
1370,Victor Young,10,0,0,0,0,81
1371,Brian Stewart,11,0,0,0,0,81
1372,Nicholas Lawrence,12,0,0,0,0,81
1373,Sebastian Kerr,13,0,0,0,0,81
1374,Alan Walsh,14,0,0,0,0,81
1375,Phil MacLeod,15,0,0,0,0,81
1376,Gordon Smith,16,0,0,0,0,81
1377,Keith Payne,17,0,0,0,0,81
1378,William Bower,1,0,0,0,0,82
1379,Dylan Abraham,2,0,0,0,0,82
1380,Blake Davies,3,0,0,0,0,82
1381,Justin Paige,4,0,0,0,0,82
1382,Simon Sutherland,5,0,0,0,0,82
1383,Jonathan Ferguson,6,0,0,0,0,82
1384,Phil King,7,0,0,0,0,82
1385,Colin Blake,8,0,0,0,0,82
1386,Ryan Quinn,9,0,0,0,0,82
1387,Alexander Johnston,10,0,0,0,0,82
1388,Jack Cameron,11,0,0,0,0,82
1389,Victor Miller,12,0,0,0,0,82
1390,Harry Graham,13,0,0,0,0,82
1391,Cameron North,14,0,0,0,0,82
1392,Matt Simpson,15,0,0,0,0,82
1393,Keith Hunter,16,0,0,0,0,82
1394,John Walsh,17,0,0,0,0,82
1395,Harry MacLeod,1,0,0,0,0,83
1396,Austin Coleman,2,0,0,0,0,83
1397,Christopher Marshall,3,0,0,0,0,83
1398,William Kelly,4,0,0,0,0,83
1399,Edward Sanderson,5,0,0,0,0,83
1400,Charles Murray,6,0,0,0,0,83
1401,Paul Carr,7,0,0,0,0,83
1402,Benjamin Cornish,8,0,0,0,0,83
1403,Frank Terry,9,0,0,0,0,83
1404,Justin Gibson,10,0,0,0,0,83
1405,Cameron Knox,11,0,0,0,0,83
1406,Brian Metcalfe,12,0,0,0,0,83
1407,Joe North,13,0,0,0,0,83
1408,Dylan Buckland,14,0,0,0,0,83
1409,Jacob Hardacre,15,0,0,0,0,83
1410,Sebastian White,16,0,0,0,0,83
1411,Dan Langdon,17,0,0,0,0,83
